"filename", "language", "Dotenv", "Python", "JSON", "comment", "blank", "total"
"c:\Users\User\coding\RSS_Robotics_Project\FunctionBasedContextManager.py", "Python", 0, 11, 0, 0, 3, 14
"c:\Users\User\coding\RSS_Robotics_Project\__init__.py", "Python", 0, 6, 0, 0, 0, 6
"c:\Users\User\coding\RSS_Robotics_Project\base_movement.py", "Python", 0, 68, 0, 7, 33, 108
"c:\Users\User\coding\RSS_Robotics_Project\base_movement_test.py", "Python", 0, 81, 0, 0, 20, 101
"c:\Users\User\coding\RSS_Robotics_Project\build.py", "Python", 0, 31, 0, 0, 5, 36
"c:\Users\User\coding\RSS_Robotics_Project\command_log.py", "Python", 0, 19, 0, 0, 6, 25
"c:\Users\User\coding\RSS_Robotics_Project\helpers.py", "Python", 0, 10, 0, 0, 0, 10
"c:\Users\User\coding\RSS_Robotics_Project\markers.json", "JSON", 0, 0, 10, 0, 0, 10
"c:\Users\User\coding\RSS_Robotics_Project\movement.py", "Python", 0, 77, 0, 16, 22, 115
"c:\Users\User\coding\RSS_Robotics_Project\my_motor.py", "Python", 0, 12, 0, 0, 5, 17
"c:\Users\User\coding\RSS_Robotics_Project\my_motor_mock.py", "Python", 0, 16, 0, 0, 2, 18
"c:\Users\User\coding\RSS_Robotics_Project\mycontroller.py", "Python", 0, 41, 0, 3, 20, 64
"c:\Users\User\coding\RSS_Robotics_Project\override.env", "Dotenv", 2, 0, 0, 0, 1, 3
"c:\Users\User\coding\RSS_Robotics_Project\sensors.py", "Python", 0, 144, 0, 21, 59, 224
"c:\Users\User\coding\RSS_Robotics_Project\sleeper_mock.py", "Python", 0, 9, 0, 0, 3, 12
"c:\Users\User\coding\RSS_Robotics_Project\type_aliases.py", "Python", 0, 6, 0, 0, 2, 8
"Total", "-", 2, 531, 10, 47, 181, 771